Questions,Answers,Patterns,Tags
What is crop rotation?,"Crop rotation is the practice of growing different types of crops in the same area in sequential seasons to improve soil health and reduce pests.","Can you explain the concept of crop rotation?",Crop Rotation
What is the primary benefit of crop rotation?,"The primary benefit of crop rotation is the improvement of soil fertility and the reduction of soilborne diseases and pests.","Why is crop rotation beneficial?",Soil Health
What is a cover crop?,"A cover crop is a plant grown primarily to protect and improve the soil rather than for harvest.","What is the purpose of a cover crop?",Cover Crops
What are common cover crops?,"Common cover crops include clover, rye, and vetch.","Can you name some examples of cover crops?",Crop Examples
What is monoculture?,"Monoculture is the agricultural practice of growing a single crop species in a field at a time.","What does monoculture mean?",Monoculture
What are the disadvantages of monoculture?,"Disadvantages of monoculture include increased vulnerability to pests and diseases and depletion of soil nutrients.","What are the downsides of monoculture?",Crop Diversity
What is integrated pest management (IPM)?,"Integrated pest management (IPM) is a pest control strategy that uses a combination of techniques such as biological control, habitat manipulation, and use of resistant varieties.","Can you describe integrated pest management?",Pest Management
What are some common pests that affect corn?,"Common pests that affect corn include the corn earworm, European corn borer, and fall armyworm.","What pests commonly infest corn?",Corn Pests
What is late blight in potatoes?,"Late blight is a serious disease of potatoes caused by the fungus Phytophthora infestans.","What causes late blight in potatoes?",Potato Diseases
How can late blight in potatoes be managed?,"Late blight can be managed by using resistant varieties, crop rotation, and fungicide applications.","What are the management practices for late blight in potatoes?",Disease Management
What is the primary disease affecting wheat?,"Rust, particularly stem rust caused by Puccinia graminis, is a primary disease affecting wheat.","What is a major disease of wheat?",Wheat Diseases
How can rust in wheat be controlled?,"Rust in wheat can be controlled by using resistant varieties and applying fungicides.","What are the control measures for rust in wheat?",Disease Control
What are nematodes and how do they affect crops?,"Nematodes are microscopic worms that can cause significant damage to crops by attacking their roots.","What impact do nematodes have on crops?",Nematode Pests
What crops are commonly affected by aphids?,"Aphids commonly affect crops like lettuce, tomatoes, peppers, and many fruit trees.","Which crops are susceptible to aphid infestations?",Aphid Pests
What is powdery mildew?,"Powdery mildew is a fungal disease that affects a wide range of plants, characterized by white powdery spots on leaves and stems.","What are the symptoms of powdery mildew?",Fungal Diseases
How can powdery mildew be prevented?,"Powdery mildew can be prevented by ensuring good air circulation, avoiding overhead watering, and using resistant plant varieties.","What prevention methods are effective against powdery mildew?",Disease Prevention
What is the significance of soil pH in agriculture?,"Soil pH affects nutrient availability and microbial activity in the soil, which in turn influences plant growth and health.","Why is soil pH important for farming?",Soil Health
What is the ideal soil pH for most crops?,"The ideal soil pH for most crops is between 6.0 and 7.5.","What pH level is best for growing crops?",Soil Management
What is organic farming?,"Organic farming is a method of crop and livestock production that involves avoiding synthetic chemicals and relying on natural processes.","Can you define organic farming?",Organic Farming
What are the benefits of organic farming?,"Benefits of organic farming include improved soil health, reduced chemical runoff, and better biodiversity.","Why is organic farming advantageous?",Sustainable Agriculture
What is the role of nitrogen in plant growth?,"Nitrogen is essential for plant growth as it is a major component of chlorophyll and amino acids, which are vital for photosynthesis and protein synthesis.","Why is nitrogen crucial for plants?",Plant Nutrition
What are the symptoms of nitrogen deficiency in plants?,"Symptoms of nitrogen deficiency include yellowing of leaves, stunted growth, and poor yield.","How can you tell if a plant is lacking nitrogen?",Nutrient Deficiency
What is crop yield?,"Crop yield refers to the amount of crop produced per unit area of land.","How is crop yield defined?",Agricultural Yield
What factors affect crop yield?,"Factors affecting crop yield include soil fertility, water availability, pest and disease pressure, and climate conditions.","What influences the yield of crops?",Yield Factors
What is drip irrigation?,"Drip irrigation is a method of irrigation where water is delivered directly to the plant roots through a system of tubes and emitters.","How does drip irrigation work?",Irrigation Techniques
What are the advantages of drip irrigation?,"Advantages of drip irrigation include water conservation, reduced weed growth, and improved plant health.","Why is drip irrigation beneficial?",Water Management
What is the main cause of root rot in crops?,"Root rot is primarily caused by fungal pathogens in overly wet or poorly drained soils.","What leads to root rot in plants?",Root Diseases
How can root rot be prevented?,"Root rot can be prevented by improving soil drainage, avoiding overwatering, and using disease-resistant plant varieties.","What are the prevention strategies for root rot?",Disease Prevention
What is the purpose of a greenhouse?,"A greenhouse provides a controlled environment for growing plants, protecting them from adverse weather conditions and extending growing seasons.","Why are greenhouses used in agriculture?",Greenhouse Farming
What crops are commonly grown in greenhouses?,"Common greenhouse crops include tomatoes, cucumbers, peppers, and flowers.","Which plants are typically cultivated in greenhouses?",Greenhouse Crops
What is sustainable agriculture?,"Sustainable agriculture involves farming practices that meet current food needs without compromising the ability of future generations to meet their needs.","Can you explain sustainable agriculture?",Sustainable Farming
What are the principles of sustainable agriculture?,"Principles of sustainable agriculture include conservation of resources, maintaining soil health, and minimizing environmental impact.","What are the key concepts of sustainable farming?",Farming Principles
What is black rot in crucifers?,"Black rot is a bacterial disease caused by Xanthomonas campestris, affecting cruciferous vegetables like cabbage and broccoli.","What causes black rot in cruciferous crops?",Crucifer Diseases
How can black rot in crucifers be managed?,"Black rot can be managed by using certified disease-free seeds, crop rotation, and proper sanitation practices.","What are the management practices for black rot?",Disease Management
What is the impact of climate change on agriculture?,"Climate change impacts agriculture by altering growing seasons, increasing the frequency of extreme weather events, and affecting crop yields.","How does climate change affect farming?",Climate Impact
What are common diseases that affect tomato plants?,"Common diseases affecting tomato plants include late blight, early blight, and fusarium wilt.","What diseases are tomatoes prone to?",Tomato Diseases
How can fusarium wilt in tomatoes be controlled?,"Fusarium wilt can be controlled by planting resistant varieties, crop rotation, and maintaining proper soil pH.","What are the control measures for fusarium wilt in tomatoes?",Disease Control
What is no-till farming?,"No-till farming is an agricultural practice where crops are grown without disturbing the soil through tillage.","Can you describe no-till farming?",No-Till Farming
What are the benefits of no-till farming?,"Benefits of no-till farming include improved soil structure, reduced erosion, and enhanced water retention.","Why is no-till farming advantageous?",Soil Conservation
What is the primary disease affecting rice?,"Rice blast, caused by the fungus Magnaporthe oryzae, is a primary disease affecting rice.","What is a major disease of rice?",Rice Diseases
How can rice blast be managed?,"Rice blast can be managed by using resistant varieties, optimizing planting times, and applying appropriate fungicides.","What are the management strategies for rice blast?",Disease Management
What is the role of phosphorus in plant growth?,"Phosphorus is crucial for energy transfer, photosynthesis, and nutrient movement within the plant.","Why do plants need phosphorus?",Plant Nutrition
What are the symptoms of phosphorus deficiency in plants?,"Symptoms of phosphorus deficiency include dark green or purple leaves and stunted growth.","How can you identify phosphorus deficiency in crops?",Nutrient Deficiency
What is precision agriculture?,"Precision agriculture is a farming management concept that uses technology to monitor and optimize field-level management regarding crop farming.","Can you explain precision agriculture?",Precision Farming
What technologies are used in precision agriculture?,"Technologies used in precision agriculture include GPS, drones, soil sensors, and data analytics.","What tools are utilized in precision farming?",AgriTech
